Prediction,Day,Actual
153.623057493855,800,98
153.622995388291,801,48
153.622865601633,802,112
153.623263364996,803,137
153.622049170403,804,173
153.623696011693,805,130
153.62220261125,806,120
