prediction,Day,Actual
144.063079455917,1233,249
144.057759196644,1234,183
144.061126887253,1235,158
144.073267770459,1236,211
143.748125118105,1237,174
143.778042115992,1238,138
143.816947291888,1239,121
